id,P,MA_f,MA_s,slope_f,ADX,sign,sigma_pctile,ret_pctile,stack_bull,stack_bear,slope_up,slope_down,slope_flat,di_bull,di_bear,hot_body,warm_body,cold_body,cool_body,boil_boost,freeze_boost,flat_body,expect_T_raw
boil_sigma,110,100,90,0.01,30,1,0.91,0.5,1,0,1,0,0,1,0,1,0,0,0,1,1,0,沸
boil_ret,110,100,90,0.01,30,1,0.5,0.96,1,0,1,0,0,1,0,1,0,0,0,1,0,0,沸
boil_both_boosts,110,100,90,0.01,30,1,0.9,0.95,1,0,1,0,0,1,0,1,0,0,0,1,1,0,沸
hot_plain,110,100,90,0.01,30,1,0.5,0.5,1,0,1,0,0,1,0,1,0,0,0,0,0,0,热
hot_adx_eq,110,100,90,0.002,25,1,0.5,0.5,1,0,1,0,0,1,0,1,0,0,0,0,0,0,热
hot_sign_zero,110,100,90,0.01,30,0,0.5,0.5,1,0,1,0,0,1,1,1,0,0,0,0,0,0,热
hot_only_freeze_ret,110,100,90,0.01,30,1,0.5,0.04,1,0,1,0,0,1,0,1,0,0,0,0,1,0,热
warm_slope_not_hot_adx,110,100,90,0.01,20,1,0.5,0.5,1,0,1,0,0,1,0,0,1,0,0,0,0,0,温
warm_price_adx,110,100,90,0.0005,22,1,0.5,0.5,1,0,0,0,1,1,0,0,1,0,0,0,0,1,温
warm_over_flat,110,100,90,0.0,19,1,0.5,0.5,1,0,0,0,1,1,0,0,1,0,0,0,0,1,温
warm_mixed_stack_slope,110,100,120,0.01,30,1,0.5,0.5,0,0,1,0,0,1,0,0,1,0,0,0,0,0,温
warm_boil_not_hot,110,100,90,0.01,24,1,0.95,0.5,1,0,1,0,0,1,0,0,1,0,0,1,1,0,温
warm_sign0_over_cool,95,100,90,0.01,20,0,0.5,0.5,0,0,1,0,0,1,1,0,1,0,1,0,0,0,温
freeze_sigma,80,90,100,-0.01,30,-1,0.91,0.5,0,1,0,1,0,0,1,0,0,1,0,1,1,0,冻
freeze_ret,80,90,100,-0.01,30,-1,0.5,0.04,0,1,0,1,0,0,1,0,0,1,0,0,1,0,冻
cold_plain,80,90,100,-0.01,30,-1,0.5,0.5,0,1,0,1,0,0,1,0,0,1,0,0,0,0,寒
cold_adx_eq_sign0,80,90,100,-0.002,25,0,0.5,0.5,0,1,0,1,0,1,1,0,0,1,0,0,0,0,寒
cool_slope_not_cold,80,90,100,-0.01,20,-1,0.5,0.5,0,1,0,1,0,0,1,0,0,0,1,0,0,0,凉
cool_price_adx,80,90,100,-0.0005,22,-1,0.5,0.5,0,1,0,0,1,0,1,0,0,0,1,0,0,1,凉
cool_freeze_not_cold,80,90,100,-0.01,24,-1,0.95,0.5,0,1,0,1,0,0,1,0,0,0,1,1,1,0,凉
flat_adx_low,100,100,90,0.0,15,1,0.5,0.5,0,0,0,0,1,1,0,0,0,0,0,0,0,1,平
flat_slope_high_adx,100,100,90,0.001,30,1,0.5,0.5,0,0,0,0,1,1,0,0,0,0,0,0,0,1,平
fallback_ping,90,100,80,-0.01,22,1,0.5,0.5,0,0,0,1,0,1,0,0,0,0,0,0,0,0,平
slope_eps_not_up,110,100,90,0.001,30,1,0.5,0.5,1,0,0,0,1,1,0,0,1,0,0,0,0,1,温
hot_slope_just_up,110,100,90,0.0011,25,1,0.5,0.5,1,0,1,0,0,1,0,1,0,0,0,0,0,0,热
